      claudiux,17
      mtwebster,15
      JosephMcc,14
      ronyala,12
      collinss,10
      ItzSwirlz,10
      NikoKrause,9
      eli-schwartz,8
      smurphos,6
      leigh123linux,6
      itzexor,6
      Cobinja,6
      icarter09,5
      Fantu,5
      veryangryman,4
      tdgroot,3
      sidorsett,3
      gadass,3
      fredcw,3
      contribucious,3
      clefebvre,3
      Connormiha,3
      tdeeb,2
      ikoveshnikov,2
      bomdia,2
      zbouba,1
      yparitcher,1
      xenopeek,1
      sphh,1
      sgn,1
      schinfo,1
      pyroxar,1
      onequid,1
      okaestne,1
      nkreer,1
      mven,1
      miniskipper,1
      lekma,1
      kilbouri,1
      jamerst,1
      hipoloco,1
      gsobczyk,1
      ghost,1
      forever-and-a-day,1
      filakhtov,1
      ellishg,1
      dustinhylton360,1
      dandv,1
      codewithmichael,1
      brownsr,1
      beauxq,1
      art-vasilyev,1
      StepDub,1
      SparkyBluefang,1
      MysticRyuujin,1
      JackStocker,1
      Hezkore,1
      Gr3q,1
      Furvy,1
      Epskampie,1
      DemonTPx,1
      Cyanoxygen,1
      ClockVapor,1
      Ammako,1
      AleFelix,1
