      Explorer09,41
      mmcco,15
      ghost,10
      mklein-de,7
      hishamhm,7
      eworm-de,7
      fasterit,5
      etosan,4
      wataash,3
      ryenus,3
      kaefer,3
      coypoop,3
      Polynomial-C,3
      wangqr,2
      uprego,2
      unrelentingtech,2
      tcreech,2
      rindeal,2
      pmalhaire,2
      multiplexd,2
      mhinz,2
      lytedev,2
      jweyrich,2
      guoci,2
      gaod,2
      evelikov,2
      dkgroot,2
      Sp1l,2
      volkov-am,1
      trofi,1
      trebmuh,1
      szepeviktor,1
      shawnl,1
      sdicke,1
      rsaxvc,1
      ricardo-martincoski,1
      rbuj,1
      rahilwazir,1
      pintarj,1
      otakuto,1
      nerd972,1
      mscalora,1
      misebox,1
      mayconbj15,1
      maxiberta,1
      marckleinebudde,1
      lucasvr,1
      koresar,1
      kamyarrasta,1
      kalbasit,1
      justinmayhew,1
      juanfra684,1
      jrtc27,1
      jrakow,1
      jjungo,1
      ivan,1
      haasn,1
      giwhub,1
      ginggs,1
      gaurav1086,1
      fingolfin,1
      deric,1
      daniel-thompson,1
      chaitan94,1
      bressan3,1
      bertwesarg,1
      andrestc,1
      alanbarr,1
      aetios,1
      acatton,1
      Sworddragon,1
      ScoreUnder,1
      SaltwaterC,1
      Nacho-meteor,1
      LionNatsu,1
      KoffeinFlummi,1
      Jesin,1
      GiedriusS,1
      Gelma,1
      FreedomBen,1
      EliteTK,1
      Doridian,1
      CyberShadow,1
      Cubox,1
      Bfgeshka,1
      Arnavion,1
      Arkanosis,1
