      L2jLiga,23
      Connormiha,13
      jridgewell,4
      tanhauhau,3
      rricard,3
      gdh1995,3
      fabiosantoscode,3
      rogeriopvl,2
      nikolay-borzov,2
      nifgraup,2
      iurhfoicquerhgmc,2
      LongTengDao,2
      Kruithne,2
      ycjcl868,1
      yannayl,1
      xqdoo00o,1
      xom9ikk,1
      xnuk,1
      wojtekmaj,1
      tryzniak,1
      tchetwin,1
      sodatea,1
      sirian,1
      sergei-startsev,1
      sbrichardson,1
      perry-mitchell,1
      paleite,1
      orokanasaru,1
      nitsky,1
      monkeywithacupcake,1
      mischnic,1
      milahu,1
      mheob,1
      mephisto83,1
      mauroporras,1
      loeffel-io,1
      ljharb,1
      kkocdko,1
      kirbysayshi,1
      kevincox,1
      kei-ito,1
      joseprio,1
      josephrocca,1
      edoardocavazza,1
      developit,1
      cbettinger,1
      calebeby,1
      bennypowers,1
      banyudu,1
      alan-agius4,1
      adamdbradley,1
      WofWca,1
      TrySound,1
      TimDumol,1
      RunDevelopment,1
      RReverser,1
      OrkhanAlikhanov,1
      Martii,1
      Mark1626,1
      ArekBartnik,1
      Aghassi,1
      ALXCortegaca,1
      A-312,1
      renovate[bot],0
      dependabot[bot],0
      dependabot-preview[bot],0
