      andrewdove1,17
      nschonni,12
      mure,10
      dnschnur,10
      brianehenry,9
      atmgrifter00,8
      trask,7
      EnyaoGu,7
      ameyms,6
      jxcr0w,5
      jBouyoud,4
      clavay,4
      Jeff-Tian,4
      sgissinger,3
      tszulc,2
      stepand76,2
      soenter,2
      netbymatt,2
      naknak,2
      mcamenzind,2
      jgillich,2
      jcblw,2
      jarekdobrzanski,2
      ghost,2
      dentarg,2
      cipix2000,2
      anthonyryan1,2
      alnkapa,2
      Walster,2
      Wallaby1999,2
      xontab,1
      wxd00d,1
      vgrudenic,1
      ukleinek,1
      tomkooij,1
      tleish,1
      thmo,1
      thgreasi,1
      szepeviktor,1
      stephen-soltesz,1
      ssteinerx,1
      slominskir,1
      skortchmark9,1
      sandermarechal,1
      ralucaportase,1
      popolan1986,1
      pib,1
      phts,1
      penguinpowernz,1
      nhusby,1
      mojoaxel,1
      mnofresno,1
      miira,1
      meAmidos,1
      masoudsafi,1
      markrcote,1
      luisvsilva,1
      loriopatrick,1
      laggingreflex,1
      kkirsche,1
      jrouillard,1
      johankasperi,1
      jkeck,1
      jdufresne,1
      jasperkuperus,1
      ignjat,1
      exlted,1
      execjosh,1
      dovydasgulbinas,1
      dougloyo,1
      daleevans,1
      craigls,1
      cpeuvrel,1
      cleroux,1
      cameronwaterman,1
      brianpeiris,1
      benjamingram,1
      bastjan,1
      axpauls,1
      afresh1,1
      Voles,1
      ScoreX,1
      Palsson123,1
      Ninir,1
      MasterAM,1
      Klamtine,1
      JAAulde,1
      Holek,1
      EricByers,1
      DavidePastore,1
      Black-Mantha,1
      Beakerboy,1
