      asashour,94
      jpstotz,30
      bagipro,8
      LBJ-the-GOAT,8
      skylot,7
      yawkat,6
      S-trace,6
      choiman1559,4
      Henry2o1o,4
      alissonlauffer,3
      Surendrajat,3
      tRuNKator,2
      yasoob,1
      yaroslavyadrov,1
      wwj402,1
      shatyuka,1
      shafi-1,1
      qazhuhuihao,1
      pulorsok,1
      nis-spiir,1
      kendling,1
      green9317,1
      crazyuploader,1
      coin3x,1
      bet4it,1
      antonellof,1
      acsbendi,1
      YunlongYang,1
      RITIKMANHAS,1
      JLLeitschuh,1
      HirotoTanaka114,1
      Fi5t,1
      F3real,1
      Deltafox79,1
      CirQ,1
      AlienwareHe,1
      ANR2ME,1
