      shellhub,16
      Serwios,8
      JackZeled0n,6
      tushar200111,4
      naiksahil,4
      sameerahmedk,3
      ryas16308,3
      parth-15,3
      ghost,3
      danielUTM,3
      Sarthak-15220,3
      tusharjain88954,2
      sushree007,2
      shahabrar7746,2
      saumyasingh048,2
      pdsla112,2
      pardaz-banu,2
      munikatoch,2
      mohd-mehraj,2
      icoder211,2
      ayushkumar0208,2
      ayaankhan98,2
      abdorah,2
      SethFalco,2
      RohanK6,2
      PolyCole,2
      Lakhan-Nad,2
      AzadN,2
      Antwhite420,2
      Aniket10k,2
      AkMo3,2
      xayke,1
      vikramgudda,1
      surajpattanaik,1
      suchayan81,1
      srinandupaladi,1
      sreyans01,1
      spawn08,1
      sparsh-goyal,1
      sohongjaduuniv,1
      sj056,1
      shwhite17,1
      shmutyala,1
      shivamnishad246,1
      shahzaibahmad3,1
      shahriar-azad-evan-github-io,1
      rupeshsasne,1
      rcs10,1
      raphaelhla,1
      randiltennakoon,1
      rahulnamdev20,1
      psvnlsaikumar,1
      princeyo123,1
      porridgewithraisins,1
      pain14000,1
      nitinrishab2000,1
      nishant-ns19,1
      myselfweller,1
      moyantri,1
      mattisapro,1
      matteomessmer,1
      massg,1
      mabhinav004,1
      loveshdongre,1
      ksr1122,1
      kshivam953,1
      krillxox,1
      kbrx93,1
      joshiii947,1
      jaeheonshim,1
      iamhitman21,1
      hrithik-13,1
      harshitkumar786,1
      hardiktaluja,1
      hardeep0598,1
      happyusinggithub,1
      goatfryed,1
      foxtrot12,1
      elmergustavo,1
      dipyamansaha,1
      deeprodge,1
      deepak821,1
      codysieg,1
      cclauss,1
      carloshgr,1
      ayushsachan1,1
      aryaniiit002,1
      anjali1361,1
      amanchimania,1
      algobytewise,1
      ahad1105,1
      abhi-146,1
      abgita,1
      Tisha1234,1
      TeodorRussu,1
      Swarupsoni,1
      Supsource,1
      Sumeet7654713,1
      SugatoBagchi,1
      SondreWang,1
      ShrutiRawal,1
      Shaurya-567,1
      Sangaibisi,1
      Sandydalvi2001,1
      SA888-PM,1
      Riyana6,1
      Ritz2626,1
      Ritesh-004,1
      PriyaShrinithi,1
      Pratik-Jha,1
      Nuthi-Sriram,1
      Nishant-Ingle,1
      Mrigank-Tandon,1
      MinjaMiladinovic,1
      Mike5931,1
      Mickonama,1
      Jetty53,1
      Itayventura,1
      Isoumyajit,1
      IryaDev,1
      G0ldmember,1
      EATONJIANGHAHAHA,1
      Dnyaneshwar-dev,1
      DeveshBaranwal,1
      DEVELOPER-IN-PROGRESS,1
      ChenOst,1
      BurkHufnagel,1
      BugFixProgramming,1
      BhaveshSalunke,1
      AybarsAcar,1
      Athira1601,1
      Aman1kr,1
      Aman123-stack,1
      Aditya-Kolhatkar,1
      Acentari,1
