      akarnokd,84
      benjamintboyle,5
      slisaasquatch,3
      hotburger,3
      vjgarciag96,2
      sgc-code,2
      kranthik2,2
      SergejIsbrecht,2
      JLLeitschuh,2
      Goooler,2
      zemlyansckygrigorij,1
      tomislavhofman,1
      timkoerner,1
      stewemetal,1
      sobersanta,1
      shellhub,1
      sh-abhi,1
      sebek64,1
      pestrada,1
      myungjunChae,1
      murali101,1
      jxdabc,1
      jlecordier,1
      hqzxzwb,1
      fsbarata,1
      ddunig2,1
      cardamon,1
      akluball,1
      Zachpocalypse,1
      ZacSweers,1
      VovaStelmashchuk,1
      T45K,1
      ShengChangYang,1
      MarcusGrass,1
      LinkiPinki,1
      DougSig,1
      Devesh-code,1
      BraisGabin,1
      Archish27,1
      dependabot-preview[bot],0
