      kelvins,9
      IhebHaboubi,7
      spekulatius,3
      sobolevn,3
      avallbona,3
      yakshdeveloper,2
      xnuinside,2
      shettyAnish,2
      rsalmei,2
      quobit,2
      norweeg,2
      laixintao,2
      jhermann,2
      fabiocaccamo,2
      ebogucka,2
      dsuch,2
      dnssh,2
      akshgpt7,2
      WaylonWalker,2
      Stranger6667,2
      SamPetherbridge,2
      LukasMasuch,2
      GuangTianLi,2
      AhnJG,2
      zh-artykbay,1
      zealotous,1
      yhay81,1
      yaph,1
      xatier,1
      westurner,1
      vinayrevankar14,1
      tuelwer,1
      tqtg,1
      tomviner,1
      timlyo,1
      thepirateboy,1
      thebigmunch,1
      thePrankster,1
      subahanii,1
      stanleyuan,1
      sonic182,1
      shreeya0505,1
      shadowroot,1
      sergree,1
      seddonym,1
      sebst,1
      saurabh-verma12,1
      satwikkansal,1
      sarthak247,1
      sagar627,1
      ryo-ma,1
      rpdelaney,1
      rerpha,1
      ramonsaraiva,1
      proxycrawl,1
      prakharpratap97,1
      prabhupant,1
      nikitabarskov,1
      mysg147,1
      mr-ubik,1
      monujee,1
      miwojc,1
      mingrammer,1
      miguelgfierro,1
      midhunmartin00,1
      m-alzam,1
      look4regev,1
      lnxpy,1
      kyclark,1
      kuter,1
      kumarsat,1
      kosmokato,1
      konrad,1
      ki4070ma,1
      khushmehn,1
      kgashok,1
      kdiri,1
      karmijo,1
      julianyraiol,1
      joseildofilho,1
      jondy,1
      jmrr,1
      jindaxiang,1
      jcupitt,1
      isidentical,1
      igorborgest,1
      iacopy,1
      huangsam,1
      hoffstadt,1
      histrio,1
      hhamalai,1
      heromayank2,1
      hasan225,1
      guofei9987,1
      gto76,1
      ghost,1
      ghandic,1
      gainskills,1
      fridex,1
      frankxayachack,1
      f1nality,1
      evandrix,1
      euribates,1
      elishaROBINSON,1
      eaxcmd,1
      douglasmiranda,1
      dommert,1
      debdutgoswami,1
      dbader,1
      dashtink,1
      danielloader,1
      daneah,1
      daltonvarao,1
      cyrilbois,1
      cyberstack,1
      comrumino,1
      codingCapricorn,1
      cankush625,1
      c0a3bd,1
      brettjouwstra,1
      benedekrozemberczki,1
      axeldelamarre,1
      anttesoriero,1
      ankitjain28may,1
      ankitdobhal,1
      anki-code,1
      amykyta3,1
      alphaharris,1
      allrod5,1
      alefhsousa,1
      ZoranPandovski,1
      YuvrajSHAD,1
      WhyNotHugo,1
      VGasparini,1
      UdhavKumar,1
      Tupteq,1
      TechnicSparks,1
      Sahith02,1
      Rohan-Bansal,1
      RDCH106,1
      PrinceSumberia,1
      Pratiknarola,1
      PiCT0,1
      MajorGamerJay,1
      MMeffert,1
      JoseDeFreitas,1
      JorgeGRC,1
      Jamim,1
      Harjiwan,1
      HacK01X,1
      Frenchcooc,1
      FooBarQuaxx,1
      Faral-Ghaemi,1
      Danix421,1
      Biswajitpradhan,1
      ArturSpirin,1
      Arpit045-boop,1
      AbhishekJha1916,1
      AakashKhatu,1
      921kiyo,1
      57uff3r,1
