      scorphus,25
      josephfrazier,19
      djh82,15
      divykj,9
      ik1ne,7
      nvbn,6
      Epse,4
      scolby33,3
      elihschiff,3
      duboviy,3
      cjmartian,3
      MattKotsenas,3
      yangkyeongmo,2
      s1ddly,2
      revolter,2
      hackathon19,2
      equwal,2
      boonwj,2
      afwilkin,2
      TopaGeor,2
      KartikSoneji,2
      IngaFeick,2
      Caplinja,2
    login,1
      z3ntu,1
      yzgyyang,1
      yume-chan,1
      x-zvf,1
      wx-csy,1
      waldyrious,1
      tomoshi0809,1
      tobixx,1
      timgates42,1
      thedrow,1
      thatneat,1
      sobelek,1
      slavanap,1
      simonwhitaker,1
      shawnmcgraw,1
      sQu1rr,1
      rpdelaney,1
      reitermarkus,1
      rdpate,1
      premek,1
      philiparola,1
      nyanotech,1
      matthewfallshaw,1
      mati865,1
      mathcantin,1
      manikantanallagatla,1
      m1guelpf,1
      longsleep,1
      kozar,1
      khaledosman,1
      kain88-de,1
      jgwak,1
      jamtur01,1
      jakewarren,1
      hossainalhaidari,1
      gma2th,1
      gkodosis,1
      fabiosantoscode,1
      donniebreve,1
      dfadev,1
      darkfiberiru,1
      danialmalik,1
      cjoshmartin,1
      chrismendis,1
      chrisdepas,1
      bluszcz,1
      bhav09,1
      beemerbox,1
      bam241,1
      b1skit,1
      asong4211,1
      apoorv-j,1
      andrew-epstein,1
      amrit1207,1
      alexbarcelo,1
      aditig,1
      aaditkamat,1
      StormPooper,1
      SamuelMarks,1
      SahandAslani,1
      RetekBacsi,1
      P3ntest,1
      Nfinished,1
      Neutrollized,1
      MasterNayru,1
      Mas0s,1
      KiaraGrouwstra,1
      Kaustubh72,1
      Googulator,1
      Faaab,1
      Ewpratten,1
      DragonGhost7,1
      BubbsTheSupreme,1
      BoboTiG,1
      Asday,1
      ArjunVaskale,1
      AlmondRumble11,1
      0xcomposure,1
