      adrianheine,12
      nixxo,8
      renalid,6
      kevinoconnor7,4
      dirkf,4
      xenova,3
      nicksmart24,3
      nao20010128nao,3
      barsnick,3
      JChris246,3
      Isaac-the-Man,3
      tpikonen,2
      toniz4,2
      rolledback,2
      rebane2001,2
      ozburo,2
      imba-tjd,2
      ilpersi,2
      dpeukert,2
      bm1549,2
      aarubui,2
      SpiderRider067,2
      RedpointsBots,2
      ProgrammingByPermutation,2
      B0pol,2
    login,1
      zsolt-beringer,1
      xmha97,1
      wagwan-piffting-blud,1
      wader,1
      vdegenne,1
      upbooo,1
      tsukumijima,1
      trevnels,1
      tonsV2,1
      tasmanianfox,1
      spvkgn,1
      smlavine,1
      shava2C,1
      sethtroisi,1
      serl,1
      schnusch,1
      salty-horse,1
      rubenandre,1
      redneptun,1
      proudmuslim-dev,1
      piplongrun,1
      ping,1
      pick-the-spiral-galaxy,1
      peleccom,1
      paretje,1
      panda130,1
      orbitwide,1
      opusforlife2,1
      ohnonot,1
      nbr23,1
      mvolfik,1
      morrah,1
      morozov,1
      mlizard,1
      midexe6380,1
      mickael9,1
      metalolf,1
      maxpotok,1
      masta79,1
      mashed-potatoes,1
      marco97pa,1
      mainak-debnath,1
      main--,1
      lichuang,1
      leatherperv,1
      leNEKO,1
      kyuyeunk,1
      knapior,1
      jsoref,1
      josephcmiller2,1
      jidanni,1
      jetomit,1
      jesus2099,1
      jech,1
      jbreu,1
      ioistired,1
      iamleot,1
      hodayabu,1
      haraldmartin,1
      hakanw,1
      guillemglez,1
      gilou,1
      gelatinouscube887,1
      gdzx,1
      gardenappl,1
      fourjr,1
      felixonmars,1
      felisucoibi,1
      dotysan,1
      digitalsignalperson,1
      devbreath,1
      dennisoderwald,1
      dancek,1
      compujo,1
      cladmi,1
      chuacw,1
      cclauss,1
      bridystone,1
      bkvirendra,1
      bendekeersm,1
      belamu,1
      beefchop,1
      bcc32,1
      aurelg,1
      atgarcia78,1
      amotl,1
      akx,1
      afe2c3,1
      abetar0,1
      VoxLight,1
      VidVidex,1
      ToaKraka,1
      TheRealDude2,1
      SoneeJohn,1
      SirCipherz,1
      Scott-Hasserd,1
      Rudbekia,1
      Romern,1
      RogerRordo,1
      ReevMich,1
      PrinceOfPuppers,1
      PhilCCMG,1
      PaaaulZ,1
      NoNamePro0,1
      Munken,1
      Mrvishal2k2,1
      JamKage,1
      Geograph-us,1
      FliegendeWurst,1
      EntranceJew,1
      EdwardBetts,1
      Deshdeepak1,1
      DarkZeros,1
      DNonov,1
      CrendKing,1
      Brodan,1
      AtomicFS,1
      23rd,1
      1100101,1
      0l-l0,1
