      adfoster-r7,27
      dwelch-r7,24
      bcoles,20
      zeroSteiner,16
      timwr,13
      wvu-r7,8
      jmartin-r7,6
      gwillcox-r7,5
      cgranleese-r7,5
      geyslan,4
      space-r7,3
      pingport80,3
      pedrib,3
      mekhalleh,3
      h00die,3
      friedrico,3
      cdelafuente-r7,3
    module.,2
      yogeshwarram,2
      wesinator,2
      kalba-security,2
      je5442804,2
      erberkan,2
      arno01,2
      Vladimir-Ivanov-Git,2
      MucahitSaratar,2
    targeting,1
    symbol,1
    handling,1
    WordPress,1
      zomfg-zombie,1
      zerosum0x0,1
      thesunRider,1
      stufus,1
      sophosyaniv,1
      shawnsky,1
      security-curious,1
      s1e2b3i4,1
      ryanpohlner,1
      red0xff,1
      nkitan,1
      nikhil-su,1
      kourtnee,1
      jconnolly80911,1
      jaleshkumar4,1
      godhade,1
      fardeen-ahmed,1
      digininja,1
      clglavan,1
      capme,1
      bwatters-r7,1
      btnz-k,1
      astutejoe,1
      archcloudlabs,1
      agalway-r7,1
      acammack-r7,1
      XenoAmess,1
      SaintRussian,1
      JulienBedel,1
      FireFart,1
      Chiggins,1
      CSharperMantle,1
      AlanFoster,1
      Ahmedy7,1
      7Ragnarok7,1
