      simon04,58
      MasterEnoc,50
      scherepn,35
      ojeytonwilliams,8
      rickmacgillis,3
      davidcgl,3
      xavieryao,2
      nshki,2
      cmrd-senya,2
      baelter,2
      yads,1
      trysten,1
      stuartpb,1
      smithdc1,1
      seirl,1
      sclickk,1
      samfundev,1
      sabiwara,1
      psjishnu,1
      ocavue,1
      mpmont,1
      markknol,1
      malkoG,1
      lgeiger,1
      lasseebert,1
      kaushalmodi,1
      katrinleinweber,1
      jmerle,1
      jhdxr,1
      jbfiot,1
      haardikg,1
      gengjiawen,1
      dominikbulaj,1
      dohsimpson,1
      casaper,1
      carlosgaldino,1
      alexbrazier,1
      ahosni,1
      adam-devel,1
      abraham-yusuf,1
      RUSshy,1
      KhushbuB,1
      DhanushAdithya,1
      Daniel-Worrall,1
      AtsushiSakai,1
